y1,y2,x1,x2,x3,x4,x5,x6,x7,x8,x9,x10
0.007732012,-1.379714476,0.791961346,-0.547185228,-0.597154391,-0.385432707,-0.660770696,0.536028078,0.283616233,-0.179933712,-0.020123282,-0.735890979
1.001962099,3.369871052,-0.318148745,0.657986703,-0.084110066,2.030422738,0.912244076,-0.277327961,-0.081291457,0.827734097,1.189761044,1.570183646
1.769652069,-1.168013108,0.381154771,2.39036753,0.620136804,0.590528955,0.623692233,1.137935153,0.802024496,-1.073157983,0.711432795,-0.090089284
0.933683963,0.444798276,1.277764405,0.709591026,0.593647068,1.035215006,0.940484744,-0.781427318,-0.194510433,1.140533834,2.000885207,0.532060349
1.82626117,-0.962637278,0.885636852,1.024960088,-1.121437442,-0.709926,-0.251618469,1.120842571,0.500110034,-0.260868948,-0.490819429,-0.91256856
-1.799012134,2.531641917,-1.332124377,-0.52329112,0.036408543,0.190718422,1.097585263,-0.131015267,-1.157990052,0.047412014,-0.030995868,-1.23166872
1.391790924,0.798472649,-0.446934688,0.197426349,-0.088349835,0.169235242,0.156882273,-0.090152423,0.634786849,0.688934103,0.095092759,0.98291985
0.439300574,-0.127752485,-0.336723868,-0.256944547,0.028462525,-1.483482147,-1.380859809,0.085142153,0.124457639,0.70221651,-0.162963863,-0.300972217
3.288944533,1.266110848,0.119432768,0.693142571,0.111366562,0.673572438,0.374508735,1.518473005,0.491853275,0.877264476,0.766376025,-0.230331608
-1.804963975,0.536421556,-0.953388373,-0.774412948,-0.421726575,0.441747487,0.184107489,0.732602028,-0.408351018,0.96638736,0.450711491,0.613218878
4.609275284,-2.35944379,2.106516131,2.022086818,2.878253638,1.426072618,0.880953235,1.459347134,2.389016456,1.255774572,0.459946408,2.886650828
1.129885571,1.674442791,0.486614569,0.18379248,0.250686432,0.411289034,0.720563947,-0.060640999,-0.34042587,0.200336536,-0.038081187,-0.316848916
-2.676671229,1.811343796,-0.910561941,-0.514337991,-0.401280166,-0.963854768,0.422141039,0.018666174,-0.99574443,-0.086150194,-1.318901884,-1.099350611
0.875161728,-0.766611452,0.442991172,1.532909193,0.449899107,1.756780796,0.195989825,0.937107829,0.895439574,0.525504798,0.224459737,0.912343426
-4.14946705,-2.204822687,-0.595882888,-1.419340617,-0.310254292,0.910748422,-1.10262013,-1.223121213,-0.394150009,-1.412988539,-0.869805261,-0.742962264
3.850063967,0.261492366,0.546156248,-0.451061353,-0.318845876,-1.091850848,0.154575044,1.57323807,0.667045894,0.540230238,0.565090817,0.579632019
-1.876632777,-2.101777635,0.293241128,-0.854255197,-2.347517146,0.009359432,-0.525412546,-0.388267649,-0.409007158,-0.474434778,-0.093617764,-0.872586005
0.27030238,-0.649827522,0.550595301,-0.513207036,-0.548214968,-0.087447614,-0.276797367,0.203546566,-0.651950322,0.841293975,-1.128799533,-0.47722245
1.067512413,-0.622008771,-0.280402576,-0.419733362,0.601331059,0.033953626,-0.015125818,0.478134027,0.24495952,1.210051788,0.639522179,0.112142285
-3.261137915,-3.874042246,-0.313013271,-1.375332474,-1.113492713,-1.090595568,-1.291351265,-0.93144614,0.278871274,-1.043067982,-0.65531554,-0.178953668
3.69426531,2.007525597,0.62970615,1.860065082,1.36323966,0.468063217,0.7152642,2.89024756,0.185621709,0.652241787,0.874526249,0.42851981
-5.201077995,-3.587380661,-0.165463426,-1.358796599,-2.019801944,-0.015414,-1.848745801,-0.848317205,-0.25365034,-1.210244594,0.36902528,-0.588671247
0.065640605,0.144119072,-0.491333455,0.336932354,0.571570858,0.031233388,-1.186145992,0.088604793,-0.309924737,1.356596771,1.244101031,0.274845244
-1.823941963,-2.098536521,-0.187675611,-0.413608658,-1.039101614,-0.484024531,-0.574054056,-1.043182645,0.024375515,-1.638301795,-2.054740663,0.166196528
-0.367994759,-1.415810405,0.398940816,-0.110214034,-1.61595635,-0.612741682,-0.320157094,-0.349363341,-1.634989031,-2.047564455,-1.019810024,-1.82262331
-0.71398874,0.576253334,-0.771157282,-0.234856397,0.19175942,-0.063322283,-0.640392403,-0.887992345,-0.052648852,-0.826488744,0.9346234,-1.439769651
-3.040496834,2.214121203,-1.412262062,0.312500554,-0.475046926,-0.363652904,0.12375687,-0.602288494,-2.187108617,-0.209085425,-1.189173224,-1.189608869
-0.592294841,-0.518010858,-0.792899878,0.016255247,-0.078795076,0.31394146,0.289533179,-0.01477539,0.129050219,-0.339782245,0.770275573,-0.443887336
-0.694358683,-1.427259659,0.719392634,-0.075264681,0.600980948,-0.362758407,0.047452163,-0.145141354,-0.368140661,-0.053748543,-0.967351462,-0.410799591
2.447733858,0.394987013,1.514414328,-0.334257815,1.001173536,-0.787576042,0.392004365,-1.604094328,1.007477153,1.801952027,0.841757072,1.097925227
1.458235711,-1.5303746,1.350315922,1.957828186,0.256675175,0.47965514,0.760859662,0.146800892,0.38850339,0.649158647,0.001125729,-0.791128222
-0.478295438,-2.407526674,0.524227878,1.111405231,-0.573536838,1.462714339,-0.319772632,0.751626696,0.64275274,0.1850325,1.683012551,-0.452540123
-1.280400849,-2.532035828,0.475451479,-1.085108847,0.19595435,0.604496824,-0.08284817,-1.509520795,0.607031757,0.036427872,-0.008770402,1.108120026
1.779609571,-1.912709485,0.617557876,0.638542139,0.893674328,-0.964485662,-0.48347357,0.610473461,1.144139392,0.589549461,0.086752498,-0.648190218
4.00244229,-0.672166908,2.266658003,-0.786549361,2.997646125,1.449362684,0.713548014,0.931750051,1.118801158,2.166605223,0.74824428,0.894090447
-2.996163712,1.498914829,-1.324157567,-0.86307616,0.185852782,-0.649695598,1.064967482,-1.455332193,-0.688612264,-0.240637669,0.012678255,0.12321546
-6.057745125,0.101094408,-2.169225539,-1.72140075,-2.245014632,-0.638146612,-0.705645575,-0.829374032,-1.695668752,-2.109673218,-2.337604962,-1.912433548
-2.712998592,-0.817620405,-1.785302981,0.589115877,-0.967346264,-1.082853263,-1.019002807,-1.391581318,0.336365659,-0.207342265,-0.801336067,-0.96451856
-1.073559783,-1.503310095,-0.729769769,-0.391259833,-0.388453284,0.063723759,0.166507917,-0.179695749,0.893775569,-1.228474689,0.829323646,0.005092186
1.596917717,-0.587215754,0.976159235,0.094821705,0.21708228,0.129773694,0.438873773,-0.208468947,0.166108706,-0.640885467,0.253615193,0.247741762
-3.567440627,-0.011795717,-1.219513985,-1.262598607,-2.014591079,-1.773910293,-0.79669645,-0.026079156,-1.413919296,-0.387693806,-0.186147313,-0.900804115
3.345581308,-2.240790861,1.601525423,1.314548838,-0.177428421,0.76752079,-0.308756299,0.415263654,0.141743177,1.21068124,0.914053077,-0.287332277
3.939279,3.17793038,0.861919381,0.138020828,-0.044121947,0.087395753,1.98592276,-0.127939711,0.177517736,0.545720182,0.956528324,0.689026217
3.362579327,3.275731497,-0.602248802,1.642722091,1.392672209,-0.014599796,0.493760683,0.010289362,0.046966939,0.403603016,1.42997641,0.05706104
0.952016488,1.238733978,1.085187328,-0.092448179,0.256321626,0.427294034,1.794706491,-0.693234074,0.620226254,-0.22643091,-0.6229665,-0.592791543
-4.511393243,-1.705558974,-0.254823978,-2.244352695,-0.898144558,0.27801442,-0.684250274,-0.862995677,0.118668915,-0.641308838,-0.814128448,-0.175726037
-0.256213026,-0.0195041,-0.766018414,0.295187207,-0.582552554,0.907427328,0.505221903,0.203281061,-0.606049714,0.036746113,-0.688277421,0.259961477
-5.701246177,1.485028823,-1.814294428,-1.654403358,-0.043939113,0.507085256,-0.215627065,-0.889818593,-0.862340453,-0.200795804,-1.370920971,-0.328606578
1.358038061,1.575106265,0.167059125,0.678410038,0.863876612,0.817617942,1.00154517,-0.327124637,1.574689216,0.381405287,0.121154673,1.155589511
2.405978862,-1.440823344,0.574912335,1.007840575,-0.600179685,1.340835235,0.036831766,0.296788578,0.304732992,0.172247688,-0.479334034,-1.395616605
-1.136350869,1.630016203,-1.290989523,0.542476357,-0.936295349,-0.644153195,-0.112241368,0.194775747,-0.773649389,-0.282825007,-0.235741442,-0.913980835
-2.981800726,1.748119696,-1.615689219,-1.692364178,-0.147061719,-0.800744511,-0.856353271,-0.521382538,-0.561513149,-1.4760243,-1.732403725,-0.333654502
-1.537152077,0.842704593,-0.414630909,1.088428467,-0.365875561,0.511222548,-0.580207821,0.028335769,-0.53670101,-0.456833694,-1.09140817,1.600934149
1.117241894,1.401229953,0.008746754,-0.362534651,0.310708794,1.158597267,0.840893236,0.064938092,0.176976097,1.432895425,0.52882359,1.05815332
-6.19407665,-3.548261445,-1.60479643,-1.86468075,-2.01155413,-0.890479132,-2.633515078,-2.726799679,-1.580364458,-1.964127258,-1.663912325,-2.524907477
0.663237324,0.806189651,0.161636697,2.311283533,1.310173734,1.191320956,0.844314224,0.068409606,0.120069248,0.73123087,1.033213689,-0.693306765
-4.03994735,-0.140151779,-1.042874349,-1.908645318,-1.096324911,-0.822306083,-1.059069681,-1.063565547,-0.533672679,-0.559448211,-0.408260648,-1.173442738
1.098672591,2.100645307,-0.41984677,1.288835082,1.180684014,-0.161473554,1.296138335,-1.273563592,0.148368583,-0.658762964,0.631539877,0.546479924
0.234153106,0.403754942,-0.300124987,-0.310514465,-1.260514557,-0.617029308,0.355793439,-0.240364651,0.475456527,0.266352696,-0.199833915,-1.480916811
-0.861672688,-0.351883703,-0.931685683,-0.08521222,1.068722399,-0.110843249,-0.427827855,-0.837148627,-1.026638815,-0.28305187,0.014990673,-1.09115237
-1.148494418,-0.420545194,-0.754633227,-0.42401728,-1.172694265,-1.086505677,-0.705122495,-0.153537253,-0.060444631,-1.007720255,-0.268859974,0.485682247
-0.504465186,-0.787333683,-0.888344747,-0.05815104,0.752888572,0.026368064,-0.817755683,1.127603952,-0.597426232,-0.685627793,-0.873100978,-0.650515493
2.42355637,2.165305396,-0.223088092,1.723984889,0.334229114,-0.29046956,0.029341274,0.219824367,0.65565395,0.329339871,-1.06854668,-0.35420638
-1.698817393,1.37043318,-1.645612827,0.366560604,-0.964576561,-0.62622408,-0.8035877,0.912730638,-2.077727252,0.23622376,-1.456500285,-1.082616128
-1.091530648,0.250465755,-0.511386215,-0.478960553,-1.214465213,0.817400821,0.207557039,0.699049289,-0.386094576,0.797340628,0.179669107,-0.397403392
-0.355554868,0.772986603,-0.295281476,-0.129591013,0.899723653,1.708832849,-0.013983044,0.314622599,0.785772673,0.789595071,0.215420583,1.031890491
2.844640084,-2.364111488,1.751132807,0.820554032,0.121633534,0.604589443,0.265009819,-0.023531656,1.470323526,0.820033477,1.121768983,0.797079863
-3.157695372,-3.844660078,-0.493622302,-0.615428585,-0.115885857,-0.16112586,-1.628294399,0.24904982,-1.311514249,-1.850541458,-0.624405221,-2.479882906
-0.092531762,-0.547309262,0.041204856,0.464864185,0.185235626,-0.240128822,-0.631522649,0.936880334,-0.758950248,-0.767945946,-0.542913149,0.581663474
0.17513772,-0.168626323,0.612401186,0.289446237,1.438629151,0.861263503,0.604261578,-0.119431692,1.241279765,1.21137328,0.046783325,1.277438613
0.606621072,-2.485608969,2.010682677,0.190860843,0.93354698,1.631296125,2.191481054,0.261612195,1.410614173,1.118592801,1.016435537,-0.402963579
0.944753196,-0.440210468,-0.595292045,0.627201262,1.177275637,0.931274407,-0.182595032,0.135491279,1.997102078,0.618691918,0.420635016,0.552157079
-0.07277152,-0.065420687,0.173612671,-1.029920399,0.231909672,-0.131104303,-0.856251903,-0.291955881,-0.160152723,0.062723561,0.748758422,0.472481433
-3.363110959,-4.702537596,-0.867479507,-0.889535785,-0.216813562,0.424027821,-2.862561407,-0.489817444,-0.565375192,0.490581517,-0.834548297,-0.137415731
-0.408948002,-0.119173604,-0.164184941,-0.198050904,0.734522415,0.504191752,-0.292707991,-0.591050641,0.108982915,0.046291631,-0.59395367,0.647380891
0.679161834,0.935567101,0.151110215,0.273819772,0.957510297,1.118444348,1.337722172,0.444191379,0.634989532,-0.022693064,1.487116053,-0.109908688
-0.462420177,0.76475555,-0.111496742,-0.138878983,-0.264225401,0.0095758,0.408763583,-0.447067976,-0.312461041,0.04848995,0.634272554,0.611051927
-1.544375333,-0.059451177,0.394045298,0.197357193,0.254089736,0.474097306,0.234990104,-0.283921349,-0.508984149,-0.310058889,-0.405811462,-0.322177267
5.017573063,1.521696177,1.900979833,0.451552451,0.159342468,2.091176127,1.971568629,1.906063953,0.461858069,1.280319207,1.335287375,1.795647583
3.833878517,2.879681861,0.418756817,0.528463438,1.350311701,1.579147875,2.814929293,1.320884557,0.70930349,0.850988313,1.204767098,0.857108882
-1.681969574,-2.977863896,-0.256146754,0.017056217,0.493166975,0.682457294,-1.771786401,-0.685042099,-0.244830341,-0.04029834,-1.525545124,-1.289995324
-1.349776546,3.287309517,-1.570082772,-0.285192569,0.06545186,-0.303107495,0.515352793,0.675353024,-1.065731366,-0.310531082,0.929217349,0.886976859
-1.327952629,2.035558959,-1.434166067,0.554364397,-0.407293801,-0.376553347,-0.697693104,-0.654327265,-0.3291269,1.050169738,-0.857736059,0.199999584
-1.173053194,1.512705786,-1.338488423,-0.867490255,0.398979616,-0.523394797,-0.442588931,-0.882105172,-1.651045733,-0.067126833,-0.228388855,-0.22661358
3.270056124,3.582289732,0.919378923,0.699718143,0.309542399,1.128320889,0.938105355,0.342383318,-0.522016214,1.215477959,1.149333067,0.659597832
-8.430736518,-3.835138827,-2.038859636,-1.766315831,-2.206874799,-0.604234512,-2.578628987,-1.495576979,-1.223815333,-1.831358932,-2.447223663,-1.617509869
-1.150969682,0.529075194,-0.524782862,0.227030991,0.187220696,1.504693666,0.069032058,-0.546600534,-0.033542345,-0.004615472,0.336223428,-0.145545816
-1.910810232,-1.82564543,-0.048334464,-1.110959417,-0.302070888,0.118212116,0.541786882,-1.931345553,-0.220818864,1.221042616,-0.702153809,-0.678320132
-2.944588226,-4.250713472,0.002409635,-1.609407097,-0.840948923,-0.010861717,-0.0540193,-0.702102622,1.69052748,-0.479278405,-2.302096472,-2.12790355
-2.516866044,-1.316413737,-0.166041054,-0.260959913,0.151719649,-0.518705769,-0.331689996,-1.127669742,-0.473318742,0.040629721,-0.997418702,-1.068998012
-3.822082639,-1.623988824,-1.091091935,-0.820106702,-1.378643505,-1.58786672,-2.14377279,-1.993964749,-1.026335354,-1.309958034,-1.709952223,0.189161754
-3.492805712,0.22853869,-2.162119059,-0.391374575,-1.984510412,-3.08233957,-0.998431358,-1.366870487,-0.807330405,-1.228342412,-1.53120005,-2.16353114
-6.182689891,-4.01459388,-0.923184271,-2.56601873,-1.370844047,-1.203977514,-2.799022023,-1.456112364,-1.716547341,-2.958100952,-1.791045291,-1.486390819
-0.800867477,-2.442511,0.025021674,-0.346945599,0.026392342,-0.07854966,-0.659873212,-0.392762947,-0.009331461,1.106348154,0.459399618,-0.366964469
-4.698256169,0.962694071,-2.280178539,-1.754597082,-0.970946724,-1.600811244,-0.758114615,-0.779500363,-1.296089691,-1.809208703,-1.211189997,-1.490903654
2.889946081,1.632226194,0.642387217,1.482241929,0.680811219,-0.147307492,1.030802003,1.182382182,0.671505518,0.105383384,0.705945915,1.514559504
1.090634131,1.406391212,0.430836661,0.857809554,1.961409833,1.074197248,1.281207317,0.15242103,-0.8336025,-0.111585126,1.182546224,-0.663457425
2.719687429,1.436327019,1.178646541,0.211957245,-0.479656073,0.199837432,1.708402307,-0.061990355,1.38785987,-0.334411055,0.074702045,1.359540259
3.087020102,-0.950217147,1.823594348,2.004008678,1.424687441,2.625641563,0.171834014,-0.176115544,-0.210531253,1.606595748,1.051243848,1.677986258
-0.252122775,0.816954877,-0.784142279,0.009102694,-1.313908744,-0.672794486,-0.455607061,-0.487160356,-0.986022449,0.339836703,-0.622329286,-0.474359257
-1.266110962,-2.193743805,0.140115594,-1.581549107,0.161568311,-0.430905995,-0.384956361,1.309474197,-0.510103799,-0.726381199,-0.619716538,0.325824248
-3.583415875,1.249942795,-1.925397882,-0.333439985,-1.704366552,-1.039077894,0.054175994,-1.256774893,0.350205565,-0.335682037,-0.464696503,-1.127494264
1.819389446,-0.367234836,0.515884208,0.152264441,0.533625624,-0.921942615,0.203276291,0.107613095,0.044652109,0.513703477,0.063474937,-0.558869113
-0.460996824,-3.957561537,0.966343982,-1.103669225,0.181304267,-0.315882881,0.295957342,0.670909328,-0.542445199,-0.412177813,-0.183914155,-0.737492492
-2.25889752,-1.664777937,0.161924477,-1.215344032,-2.054667913,0.122385994,-0.213573138,0.184829411,0.602023054,0.046995495,-0.47117483,0.717466549
-3.743772814,0.051034888,-0.946126876,-0.629465044,-0.632574867,-0.58599989,0.435454718,-0.344134766,-0.052958703,-0.676543208,-0.654282303,-1.45387053
-2.695876382,-0.799452895,-1.252118829,-1.424906572,-0.069766361,-0.85969666,-0.960521318,0.610275307,-1.290348894,-1.267678899,0.020262024,-0.755262165
-2.211922781,1.165540677,-0.162657642,0.276057741,-1.304498732,1.185873051,0.540773625,0.425714054,-1.612845678,-0.285760289,0.143559571,-0.348857313
3.787730644,-0.761022705,1.285042025,0.017179239,1.183476094,0.262591307,0.495695826,0.307173496,1.02169365,1.64724268,1.669997358,1.479075102
3.725652602,1.96593905,0.157319699,0.378051305,0.069135397,0.095129666,0.648863031,0.854291666,0.308993341,0.095182163,1.904356639,1.621546315
2.03685543,-0.79183186,1.076089558,2.06545324,1.505577668,1.168133247,0.118591578,1.042226864,2.216009981,0.504520719,0.083256494,1.656626267
3.168719513,2.182910352,0.126967737,0.185282338,1.805751319,2.021846048,0.963200829,1.150354635,1.589657522,1.803196453,0.44636067,2.212359598
-0.025438992,2.948762065,-0.234065131,-0.684859232,-0.601311702,-0.307198122,-0.309739954,-0.049093584,-0.49582746,-0.705321644,0.968045289,0.667880419
-6.606911168,-2.8603413,-1.121866239,-3.111640226,-1.759682314,-0.112635143,-0.659519976,-1.170131353,-1.817157503,-1.240295679,-1.159008454,-1.170412624
-4.330212383,0.10534367,-1.046770756,-0.445936604,-0.880455471,0.926720688,-0.724031878,-1.134736518,-1.318210081,-1.698959007,0.162049454,0.623240533
-4.549410358,-2.940837517,-0.192066139,-1.079089032,-0.618239826,-0.600459463,-0.932045623,-0.987722949,-1.497584899,-0.052601291,-1.024013402,-0.060117468
-0.387739381,-0.823483517,0.653319823,-0.342069282,-0.094348139,-0.436772063,-0.009026732,-0.103008371,-0.759713912,-1.023173989,-0.688384566,0.497265913
3.789300268,1.698636363,1.511099645,0.256475642,1.049535428,1.471023528,0.882510984,0.862747627,-0.786223674,-0.011216878,0.784790797,1.692770779
-2.936796236,-1.089722293,-0.714049802,-1.048260796,-1.582641671,-0.838827587,-0.318686738,0.000355501,-0.147412092,-1.32366699,-2.113718456,-2.458525823
2.743748005,2.13520425,0.901430993,1.428962932,-0.442218897,0.261467147,1.633743578,1.915418786,0.087025196,1.841122915,2.265093606,1.620899758
-1.462168316,-2.488683396,0.362065278,-1.2970901,-0.004055403,-0.817952109,-1.190073399,0.541047933,0.288976406,-0.032825705,-0.350472542,-1.01508782
0.059301831,0.181540878,-0.137132825,0.328949173,-0.180857345,-0.593035968,-0.76242074,-0.49947237,-0.198517668,-0.79453865,0.379565111,0.141915174
-3.166725623,1.909342182,-1.488004895,-0.000174649,-1.237281299,-0.3433339,-1.080811373,0.118684273,-0.586208775,-1.361961268,-1.025530416,1.840249801
-3.491963039,-1.918918302,-0.128946646,-0.76587134,-0.630730129,-0.206568506,-1.861529278,-1.199478297,-1.389821284,-0.617618532,0.122402332,-1.092411756
-2.392518496,0.14282154,-0.653689274,-1.835942234,-0.004784182,-0.065012787,0.098852117,-0.107353065,-1.456031458,0.11673139,-0.682196915,-1.254106135
0.544421802,1.621106398,-0.076384012,-1.698756928,-0.996513241,-0.265277973,0.766254892,0.522448959,-0.435534249,0.430208387,-0.243481386,0.433931298
-2.281798921,1.221637461,-1.301259692,-0.353379893,-1.254476619,-1.082783839,-0.721594743,-1.147080543,-0.663580137,-1.663481591,-2.134471428,-0.46738424
1.026460129,1.459973179,0.025715922,-0.323145652,-0.701737789,-1.334864785,-0.766056252,0.17939032,-1.156185957,0.34436767,-0.505623448,0.747613032
-1.838054665,-0.753362332,0.064810283,0.136699793,0.021793974,0.220999012,-0.550310107,0.151450465,-0.261423867,-0.244315072,-0.489231628,0.272894308
-3.372349257,0.390478573,-0.864746467,-0.920376917,-1.135018466,-0.248940104,-0.817484294,0.041617858,-1.111729768,-0.880823324,-0.989105177,-1.426994836
1.135114399,2.477571147,-0.501677374,0.898023049,1.427436316,-0.930593071,-0.125259758,1.602076961,0.075200484,0.488356618,-0.334324899,1.000799792
-3.575929676,0.553713813,-1.264178603,-0.05995515,-1.341646999,-0.96265632,0.195114336,-1.589172643,-1.029101659,-1.87232127,-0.916546032,-0.051008691
5.189176565,0.114211189,0.952710297,0.915015866,1.645320413,1.139887878,1.326822367,1.815074542,1.442776281,1.27077957,0.963482531,1.101673793
1.511230074,-1.667680878,0.232479447,0.512510314,-0.049339851,1.736530115,-0.470142384,1.459751784,1.66985979,1.203806718,0.497902718,-0.271506065
0.312592409,0.177612724,0.356833828,-1.370898768,0.323619297,-0.904705965,-0.740929051,-1.942544151,-0.359518863,0.852087142,0.091864755,0.465112695
3.486861855,-0.359976512,1.524809913,0.84811168,1.320943343,2.357469284,0.138757157,1.07334652,1.137700455,0.295468909,1.576011573,0.757495921
1.292201249,1.190506569,-0.473735678,-0.212589083,-0.341544608,1.601825386,1.427232029,0.436802047,0.275745224,0.179236979,1.25108949,0.441537598
-0.334926813,-1.364686661,0.090687947,-0.728269202,-0.052329673,0.473470437,-0.968913581,0.292629466,0.282543617,-1.390432708,0.084373281,1.120484403
0.93231048,0.308560076,-0.013650768,0.144445184,1.239436973,0.074696713,0.13127548,0.35181995,1.114949245,0.109227137,-0.588888526,1.228618754
3.70571308,4.391576989,0.820196566,1.278659876,0.595655737,0.215251437,1.687316776,1.430335169,0.60568329,0.751142116,-0.544034121,1.766870976
0.653525834,0.468607015,1.254722129,0.153067772,0.74172987,0.874398536,1.021298138,0.353082373,-0.324910815,0.723235755,0.741608914,0.323255223
-2.067443151,-1.64582717,0.689257143,-0.465360294,-0.155716838,-0.037417017,-0.106574887,-0.688990277,0.0553872,-0.137892902,-0.318424976,-0.385111986
1.422454051,1.831034846,0.255482136,0.507565134,-1.110256209,-0.22791794,1.266868889,1.205253617,0.387256283,0.757993578,-0.396753377,0.043806028
-2.61586782,-0.03639725,-1.641600178,-0.5682613,0.656310585,-0.375484509,-0.407089706,-0.965080124,-0.175052901,0.18408118,-0.261197467,0.238731293
1.875825484,-1.266021125,0.607142976,-0.093605374,0.007772108,-0.384339388,-0.367588759,0.4038532,1.381150983,0.760029171,-0.986413184,0.929528681
0.054891707,1.389658663,-0.941763803,-0.58056211,-0.999135897,-0.90530542,-0.199952027,-0.746755773,0.127055113,0.259815609,0.140530546,0.211490205
-1.509588891,-1.452431776,-0.967298647,-0.094313385,-0.589989966,-0.823677375,-0.443412657,-0.62535754,-0.333130172,0.196023032,-2.079784887,-1.16882555
1.118991068,0.063209694,-0.39884098,1.041055216,0.511837152,0.778680863,0.13364853,1.171485246,0.055800935,-0.028612897,0.125996693,-0.258559561
-0.596678142,1.427935768,-0.394497904,0.522954736,-0.455220787,-0.844248948,0.906776958,0.957741146,-1.374047855,-0.423576245,0.052415087,0.238033809
-2.092636749,1.075669822,-0.84244119,-0.41737402,-0.699113384,-2.3302325,-0.419124044,-1.857643878,-1.081078421,-0.939380892,-0.796513654,-0.405239666
-1.001988872,1.057762155,-1.341960109,-0.153574806,-1.314014468,-0.618273078,-1.086305624,0.062473353,-0.451239823,-0.386992927,-0.314273764,-0.746536651
-5.392991511,-2.610115018,-0.472621376,-1.788746378,-0.493460749,-0.539031485,-1.315204204,-2.81328893,-1.505170441,-1.077450814,-1.178705232,-0.348467324
-0.283605592,0.852451481,-0.977736902,-0.925918157,-0.947747595,-1.086703826,-0.394302877,0.371612256,-0.724818448,0.419108424,0.020462117,-1.274356601
0.814158001,-1.8492909,0.95195743,-1.224614794,-0.796229664,-0.496504807,-0.911861863,-0.15233228,0.722123953,-0.540442203,0.88420259,1.189120164
-1.415465915,0.995659959,-0.622961806,-1.835324918,-0.659945156,-0.487664237,0.114641861,-0.346090818,-0.443518995,-0.423277073,0.870927417,-0.588625005
1.303006251,3.113316788,0.084190042,0.554505725,0.958215194,0.08433808,1.40689102,0.761530026,-0.326430298,0.114821497,0.14009808,-0.421068022
-5.973947183,-0.422987555,-1.770676043,-0.571994028,-1.580118142,-2.354389877,-0.900889636,-0.816476226,-1.594444177,-2.069642797,-1.343194947,-2.16227363
-2.322813357,-0.828585396,-0.501726061,-1.777969778,-0.350143189,0.49135384,-0.661525756,-0.545994209,-0.739460778,0.824375447,-0.965551689,-1.102210578
-4.834911409,-1.631670338,-1.432420687,-0.211754176,-0.817792352,-0.382023585,-0.955637934,-0.751455558,-1.179788941,-2.346485436,-0.53253159,-0.303514022
-7.519888349,-2.596964142,-1.965944477,-2.0335335,-2.677756752,-2.12839331,-1.93702283,-2.550577615,-1.829933172,-2.420401533,-2.594631305,-1.825019973
3.31603401,-1.062960476,1.34662968,0.916218839,0.8685269,0.515589858,0.339330875,0.717119035,1.194240673,0.910254623,1.085358388,1.313663585
0.936531616,-1.906995771,0.510188257,-0.059746645,-0.732408154,-0.741980886,-1.307992096,0.267860714,-0.703515452,-0.766329229,-0.36150152,-0.462994009
1.336256824,1.414118683,0.027192808,-0.09933653,0.177785683,0.084439467,0.412271965,0.307183099,-0.610537775,0.688611799,0.784475935,0.327877677
0.646498086,-1.626806516,0.422407904,0.054112194,-0.156950725,0.254166141,-0.119508876,0.026148699,0.914491741,-1.001759596,0.777752002,-0.408295665
3.957305586,1.33937708,1.133659503,0.906221784,-0.31083158,0.777327327,0.734896634,1.128711146,0.668907177,0.372802832,1.042054041,1.04186711
2.634975772,-1.607258638,1.918696892,1.430394067,1.872271283,0.584866944,0.404707587,0.125206574,0.170611407,1.893125487,0.55349292,-0.021388175
-4.83510288,-2.069543855,-1.017818933,-0.0430928,0.204620789,0.799078168,-1.493963056,-2.51877286,-0.314639834,-1.824983153,-0.836258892,-0.324900073
-0.377540064,-0.922453475,-0.197156493,-0.908284788,0.742266392,-0.652567993,-0.529662634,0.291268454,0.312242418,0.353592872,0.324876621,0.677214517
4.194481902,3.54545187,0.983040448,0.582839081,1.625231111,1.293012447,2.55981078,0.64478472,0.954457626,0.662520175,2.188404024,1.607646686
2.133415568,0.018609053,1.649403815,-0.761053959,-0.64091939,-0.324803362,-0.534888892,-0.033916148,-0.451509543,-1.013216169,0.493595304,0.703491877
3.553099385,1.278314262,1.234528639,1.648371889,0.818380738,1.26249832,2.024982132,0.598628052,1.200308214,0.544107279,1.135358545,0.847799576
-0.233361105,3.114525024,-0.418355541,0.492421062,0.537658147,-0.212508404,0.72974149,0.48071446,-0.415043695,-0.255719798,-0.048071148,0.465770969
2.861276153,2.162566897,0.344378155,1.33317898,0.084971016,-0.00719783,1.116489915,0.740888432,0.26301467,1.192320481,1.312545457,0.426760908
2.382867972,4.141963692,0.958026803,1.564248967,1.525624849,1.839799816,1.954667942,-0.179854269,-0.99482129,0.351852117,-0.558006978,2.211377174
-5.414489635,-2.048956988,-0.643690489,-1.133020313,-0.329809859,-0.228302833,-2.194265855,-1.951971278,-0.91822503,-0.520822676,-0.976676998,-1.296435921
-1.84813216,-3.516513588,-0.334706448,-1.108193835,-1.758886439,0.708375159,-1.566462473,0.750192246,0.847497445,-0.492522291,-0.266414947,-1.291653631
-1.738897682,-0.539259413,0.225692063,-1.170550861,-1.670935537,-0.652789009,-0.489235474,-0.669298944,-0.512855472,0.493444872,0.521235887,0.048468409
-1.110872577,-1.885438506,-0.418689919,-0.85151028,0.327215556,-0.657606353,-0.89421691,0.96507604,0.420953018,-0.232981228,0.300993701,0.288680414
-3.493070817,0.604461828,-2.018314984,-0.373081965,0.80707961,-0.208132604,-0.0785076,-1.253944404,-0.317606578,-0.528849286,-0.143100169,-1.37591313
1.311135539,-0.113979993,0.982199948,-1.07698728,0.994431208,0.517958418,0.884540409,1.420365664,0.396083133,0.637785587,-0.465229458,0.703130814
0.392868454,0.734958604,0.12262148,-0.721204662,0.646168179,1.064522161,1.967686325,0.772597828,0.785115717,-1.434793886,0.280220568,0.235433798
-3.337372117,-1.027564991,-1.023194835,-0.481690951,-0.438022742,0.524566558,-0.392907262,0.57750178,-0.483893278,-1.187975572,0.315288633,-0.339662041
0.826144459,2.082363243,-0.548656996,0.032929214,1.773846679,-0.036008816,0.332113898,-0.439363071,0.156284569,0.313379977,0.800732667,-0.199316424
-2.696259132,-1.114554044,-0.752162716,-0.869116923,-0.388484797,1.123379714,-0.708678658,0.747885768,-0.313230505,0.192806971,0.512099523,-0.439968578
-0.4371129,0.925001937,-1.053213265,0.071584798,1.526148427,-1.027843035,0.164545209,-0.454715057,0.201641339,-0.240149467,0.363816036,-0.725490077
1.495329265,0.311362971,-0.052279534,-1.765458774,-0.218669791,-1.053899705,0.219095249,-0.652322132,1.535599311,-0.84137484,-0.557597,0.087227436
-2.829054693,0.685937734,-1.122900576,-1.005566495,-1.169713525,-0.721739778,0.462139973,-1.242179226,0.196685796,-1.375897662,-1.106385726,-0.166346868
6.238446848,2.716544265,1.867737394,1.544068259,2.53388412,1.755646268,1.964640082,1.967416977,1.410113791,1.040241612,1.278732773,1.812049102
1.349339147,-1.068612686,1.437907586,0.10137048,0.583718844,-0.220770219,0.377601628,-0.416032593,-0.454931598,-0.343637175,0.964166109,1.347957451
4.580896859,3.14694902,1.06153172,0.472921701,-0.052436312,0.572458875,0.796753281,1.426797905,-0.370068848,1.042585818,1.223665445,0.406011653
-0.779544435,-2.225266161,0.297771798,-0.244893222,0.717035832,-0.050904522,-0.828146945,-0.94681465,-0.405591022,0.883039622,0.030954907,-0.533577583
0.760866492,0.246479753,-0.033099275,0.373645207,0.291341586,0.899546488,0.387895314,0.575925457,0.426082647,0.509557308,0.20365914,-0.366961667
-0.865881017,0.292549402,0.135011457,-1.834997806,0.59818299,2.296926506,0.666480706,0.371009693,0.880055237,-0.236566837,0.714233574,1.164422972
2.014553885,-2.328886578,0.890834718,1.593743388,1.117045492,0.185037529,0.792729809,1.072974343,1.954735327,1.377353208,1.039817341,0.193451566
-5.002066378,-2.928419314,-0.437390391,-0.533072696,0.154751072,-1.633582684,-1.298389775,-2.825290168,-2.420821962,-1.575378339,-1.064382054,-2.276192007
2.423036611,1.206938268,0.201516164,0.292752646,-0.355874395,0.255199245,1.856429847,1.094617851,1.069953331,-0.303716516,1.31698602,-0.275571941
0.402177708,0.413629436,-0.062726344,-1.751639693,1.357602086,1.370649992,0.000155813,0.803479854,0.767837299,0.469704437,-0.865600518,0.978307786
-0.205461832,0.667176967,0.206466147,0.446871707,-1.492128754,0.385356621,0.537185101,0.16368334,-0.406015435,0.643923145,-0.07867745,0.039053277
0.156924426,1.240182795,-1.412531012,-0.711699411,-0.888995247,-1.709080185,-0.655328857,-1.232669723,-0.037499879,-0.9261058,0.87264297,-1.246849342
-0.898023565,2.80615357,-2.100515467,-1.115541981,-0.530249138,-1.225540482,-0.696273345,0.711837911,-1.301339001,-0.925117844,0.246306206,0.419025228
3.092467414,-0.787381098,1.127252963,1.215095829,0.035937038,-1.155497602,0.60338991,0.918720143,0.663742654,-1.875986596,0.271940927,-0.318884463
4.628371784,1.426210642,1.063435693,1.090041456,0.575470163,0.264647126,1.835210971,1.752890299,1.674764122,0.658437194,1.040923237,2.053567705
2.28341897,1.979246588,-0.288078127,1.545202832,1.714641371,0.25996368,0.086891913,-0.359560726,0.146122611,0.583844684,0.203981334,0.119259667
4.023080559,2.849601505,0.589515484,0.582598833,0.932614515,-0.010750971,1.326573983,-0.462835639,1.143600342,2.364599864,0.451972779,1.36388437
-0.656492001,-0.762367463,0.077282866,-0.929265423,-0.951776378,-0.204040245,-0.266812442,0.325496984,-0.51012396,-0.139017853,-0.998407213,-1.679743056
-1.242927075,1.731871899,-0.906380676,0.658222388,0.904662156,0.139367543,0.029392554,0.310526642,0.550781951,0.10365798,-0.2566853,0.605708244
0.615724519,0.81185673,0.708989297,0.981540506,0.486510094,1.019277175,2.046959197,-0.167342271,0.608237897,1.579403285,-0.077623212,1.555550286
1.340023547,1.767032243,-0.314493313,0.017003361,0.992462983,-0.121775468,0.308511219,0.244033706,0.11992714,0.041495424,0.231764065,1.56219554
-1.303568154,-0.311158854,-0.133337383,-0.603272774,0.169827801,0.548122723,0.286616269,0.196637932,0.417409558,0.092136081,0.223576884,-0.304978917
2.12726025,0.876110562,0.125546069,0.939370605,-0.140573998,-0.071471004,1.345728815,0.64593896,1.312712435,1.705020293,0.921688387,-0.334922029
-0.167848377,0.43311134,0.328442684,0.257141717,-0.210821062,0.127991471,-1.103811355,-0.521458563,-0.611510543,0.192549499,-0.076872552,-1.509753361
-0.27978374,-0.422626843,-0.312875163,-0.87395198,0.344992071,0.796775458,-1.576944173,-0.099500283,-0.705432476,1.124090153,0.490840836,-1.082209285
-2.030032751,-0.049478619,-0.151144694,0.266202485,0.663735601,0.48060714,0.214508667,-0.343009196,-1.379818705,0.695909698,-0.053569016,-0.005372406
-2.426059973,0.230504325,-0.56563305,-1.856579043,-0.147750845,-0.073955745,-0.489352685,-0.377296748,-1.315423638,-0.222945202,-0.132850886,-2.677287745
0.22963961,0.420288937,-0.490356399,1.055720071,0.147152824,-0.691605131,-0.564819897,-0.494159246,-0.408714133,-0.080557537,1.985836601,-0.203557277
-3.155271565,1.927100175,-1.499983672,-1.467236566,-1.336450645,-0.97435986,0.096060415,-0.931274219,-2.735388529,-0.930880604,-0.751153714,-0.352047559
-2.165081885,1.183604396,-0.933156245,-0.935686665,-0.775657036,-0.665215838,0.965516177,0.269279142,-0.531336905,-0.187196477,-1.339213473,-0.379326154
2.705602145,1.732642564,0.419040226,-0.463047555,0.509149675,-0.578352316,0.173340528,0.617578801,0.11785426,0.67886232,0.341424185,0.773302555
0.430936253,-0.196639494,0.700633693,-0.186777002,-0.800621052,-0.890754828,0.402057441,-0.348311989,-0.052389675,0.696292005,0.272930849,0.160835569
-0.126904246,1.834126474,0.703609016,0.21909339,0.95798532,0.651190211,1.580483722,-0.659841942,-0.312356524,0.765223811,0.572155694,0.455862779
3.638689076,-2.102359822,2.266943236,0.301685204,0.591134117,0.262041842,-0.546991616,-0.427261136,0.889580037,1.466117409,0.625960801,1.08451161
1.609070146,0.371196959,0.977855507,0.552616266,-0.060443522,-0.035393249,0.737194494,-0.12828916,0.919016423,-0.191653383,0.82265601,0.131836789
1.749972592,-1.357371492,1.623224657,0.378951335,-0.631831038,0.126400639,0.219184899,0.295906222,-0.059435689,-0.968786124,-0.650424986,0.189579448
-1.441095234,0.761614061,0.372066035,-0.056483449,-0.893738599,0.749894427,0.4427406,-0.38421013,-0.741640818,-0.099507672,-0.60498848,-1.31701559
2.483477346,-1.577290372,1.074187473,1.172046079,1.148272916,-0.171407789,-0.816533225,0.52064939,0.804638043,1.223189005,1.247695859,1.127284224
1.057671359,0.210952428,0.180936307,1.222715843,-0.120118367,0.620281349,0.663377346,-0.412962962,0.326357958,0.843279942,-0.136777214,-0.394279931
1.009418676,-0.584694905,0.665359146,0.659646728,-0.385133339,0.008181043,-0.257635231,-0.184238872,0.150485186,-0.559667429,0.509090321,0.607984784
-1.544566921,2.270982116,-0.168841988,-1.052937756,0.560990033,0.966570337,0.648877762,-0.44427911,-0.742503267,-0.5581274,-1.302363333,0.795004208
0.447621286,2.485313571,-0.651656079,0.895362428,-0.08791228,-0.084087186,0.689848798,0.69498188,0.33963365,-0.419037781,0.263609733,1.126159166
0.696716418,0.983574564,-0.325369255,-0.77674545,0.31392807,-1.056065169,0.582585585,-0.787201321,-1.117894648,-0.667702957,-0.454871177,0.217977741
-4.88654584,2.363895636,-1.965654222,-2.240445624,0.248457014,-1.309956982,-0.4499349,-1.853536365,-0.835572954,-1.358839809,-1.157192775,-1.249872609
-0.000923447,-1.690720586,-0.014851625,-0.14567661,0.193609874,-0.152649351,-0.336089259,-0.103550206,-0.280720958,-0.328733274,1.02373317,-1.516557639
-1.520304368,-1.315772904,-0.386557366,-0.541014981,-1.226068893,-0.296327697,-0.845224028,-0.531664991,0.583983449,-0.376987903,0.456308116,-0.393311398
0.032894045,1.686774384,-0.453384798,0.324217225,0.293496855,-0.202846178,0.080380082,0.561185361,-1.555662783,0.307182792,-0.359699092,0.598311451
-0.322302465,-1.215225118,0.349395942,-0.169247608,-0.566134963,1.892532716,0.480631044,-0.113759376,0.499793059,0.492158923,1.003391706,-0.045188143
-0.163115016,0.403582352,0.365403364,-0.957570928,1.040276098,1.858550909,0.518376545,0.193700796,1.411439246,0.780405117,1.137268298,0.951682824
-0.259726282,1.834990726,-0.306459544,-0.168704574,0.624073574,1.747578178,2.412066658,-0.411683627,-0.27451685,0.380523318,1.617085631,0.009445541
0.874558099,1.581241633,-0.159095039,0.777086308,0.28968759,-0.904598065,-0.557677063,1.516347612,-1.116193636,0.701681972,0.015705792,0.077793446
3.105703864,2.168790128,0.432661118,0.420012049,0.469493811,-0.003655741,0.702732518,-0.227816131,1.073289303,0.845040417,0.643839335,0.113543523
-4.755631836,-1.533608403,-1.271825421,-1.414736447,-0.250811989,-1.441612943,-1.379190229,-1.191075454,-1.593440589,0.007680996,-1.608869221,-1.401907875
-0.224683412,0.411228834,0.008901538,-0.809000894,0.445174792,1.790227003,-0.091285248,1.277789122,-0.366067417,0.657897445,0.959042098,1.29804488
-0.959087427,1.372379978,-0.734797399,-0.227047754,0.51280984,-0.336835624,-0.058408483,0.291964483,0.064099513,0.567187194,1.08629721,-0.047126537
3.541886991,-1.946658065,1.328791231,1.253324266,0.68831503,1.037575159,0.033716084,0.610129298,1.298864298,1.126971313,0.85796439,0.992311028
-1.818176986,1.080769046,-0.929387164,-0.415877233,-1.26593076,0.40913837,-0.892286427,-0.813211624,-1.646003251,-0.36062486,0.527953814,-0.295877179
2.000583572,0.567238158,0.931197953,0.179003829,-0.229896053,-1.456179752,-0.178140597,0.407225357,0.25476277,0.205745604,-0.975611621,-0.242899809
-1.005796689,-1.47160382,-0.327067081,1.192868108,-1.124556499,-0.793373505,-0.41690064,-1.851502319,0.147924771,0.82135042,-0.980726262,-1.003333796
1.063230256,-0.021585632,1.087670246,-1.051314009,-0.373547557,0.239527188,0.116733568,-0.232594756,-0.16068452,-0.542706316,-0.842232364,0.069159851
0.715187879,2.551423689,-1.042260653,0.310052229,0.52031018,-1.027889335,-1.264074571,-0.992062401,-0.469749232,-0.72657514,0.176237299,-1.007830169
-2.440016723,-2.534375361,-0.070745906,-0.624717576,-0.062523581,-0.449462325,-0.570619436,-1.056738142,-0.578324216,-0.609817976,-1.247947569,-0.617245526
2.307150029,4.37240708,0.086540677,1.17144991,0.214337051,-0.82961313,0.973203898,1.250703084,-1.739678265,-0.56812479,1.19803787,0.83674656
2.177241399,-0.251991196,1.437481917,1.192076113,0.788364701,0.678251228,-0.143233136,0.116798861,0.488911268,0.473489596,0.822730937,0.133787353
0.417311646,2.672803857,-0.682467398,-0.978153518,-0.843275806,-0.381235807,1.21552308,1.210601965,0.239509135,-0.773744272,-0.549245414,1.006065643
2.559867293,0.791665796,-0.326689549,0.805605451,0.344059646,-0.0044517,0.083512575,-0.307555037,0.651782766,0.207969456,0.157873883,0.014104793
-3.984539403,0.074125608,-1.549167146,-0.410805824,-0.417651109,-1.457425405,-1.493227182,-1.142412342,-0.873932053,0.43418877,-0.895288924,-0.116498484
-0.385069393,3.535502586,-0.878686985,-1.497457497,-0.127871869,-0.502629342,0.260900426,0.509861621,-0.778086888,0.42157556,-0.752811251,-0.910983959
-2.761717848,-1.575730736,-0.074327128,-0.706113303,-0.207613062,-0.385864736,-0.779326535,-1.065787254,0.50396712,-0.43577773,-0.324767077,-1.240397894
3.073176436,2.961717509,0.47163736,0.883843561,0.739250519,1.450389177,0.667855406,1.372374443,-0.066789675,1.832574804,1.240360497,2.290331574
-1.665067879,1.281150533,-0.599952085,-0.467681567,-0.305829377,-0.044064331,1.762378254,0.234147418,-0.333748632,-0.526011862,-1.302822335,-2.624822097
0.204760218,0.75748602,-0.307624196,0.57038763,0.263934426,-0.230496836,-0.105071068,-0.065811303,0.042754743,-0.538426571,-0.245900291,-0.328588643
0.670516783,-1.426702216,-0.200964273,0.218704479,-0.133759561,0.743715117,-1.466043016,0.22220086,0.383713642,0.734347345,0.627881544,0.100493193
-1.257257931,1.543709743,-0.15354385,-1.052144959,1.026309209,0.289633748,1.108972668,0.539269479,-1.103486058,0.171622553,-0.795624399,-0.086563427
0.91432075,-0.414099545,0.229528361,0.213599897,0.420524622,0.033142994,-1.136620914,-1.093703473,0.268340227,1.257533603,-0.013092604,1.342666275
6.769933954,3.208342006,1.03695844,2.40381354,1.42887359,0.615140486,1.350727371,1.021183524,1.439718907,1.386001228,1.322068131,0.825887881
2.138375249,-2.027627893,0.976786958,1.945738893,1.367451737,-0.874407704,-0.614134268,0.470223854,-0.074718275,-0.532315922,0.495094222,-0.470208838
-1.342121562,0.571062378,-0.251482507,-0.511043481,-0.104772262,-0.895581553,-0.749093644,-1.690534349,0.559953333,-1.524021351,-0.483726517,-1.432803438
0.289667391,-1.083419141,0.810641595,-2.00109334,-0.162368578,-0.733690589,-0.120319242,-0.467835378,0.360456557,-0.777752368,-0.208225057,-1.936537077
-2.001912602,0.575989626,-0.901894122,-0.25590832,0.292573282,-0.153458648,-1.157037653,0.760561425,-0.654183752,0.150839912,0.249274242,0.750597421
-2.510176503,-1.509869691,-0.459675091,-0.973159952,-1.051234886,-1.425636243,-1.885796896,-0.914810955,-1.640634225,-1.284352128,-2.150494591,-1.031396329
2.259002392,-0.544207567,1.243437247,0.372234965,-0.97709893,-1.759502478,0.290001317,0.011029032,-0.557282922,-0.314946659,-2.582356816,0.067903727
-6.94595252,-1.900530765,-1.862993989,-1.741171082,-1.616725436,-2.227738835,-1.292763653,-2.889148359,-1.429126792,-2.438265106,-2.260051667,-1.532857327
6.679575479,-1.155685303,3.178736934,1.786527105,1.279431032,1.143059178,2.035620193,1.238791249,1.359949421,1.554774527,2.174783091,-0.292337183
-1.248928632,1.309271854,0.182569835,-1.489532472,-0.744628398,-1.634947799,-0.226689186,-0.139891251,-1.188073385,-0.835033665,-1.73982383,-1.409206803
-0.643707009,4.035318058,-0.941373524,-0.667531888,-0.124337518,-0.731164466,0.72979305,0.003602948,-0.985681975,0.21210333,0.345265709,0.181493124
-1.494806288,0.946918682,-0.116582377,-1.058423617,-0.153650316,-0.83873476,-0.424812133,-0.754355075,-1.533919285,0.665148807,-0.727302329,0.628170295
0.303885209,-1.2824174,-0.207122653,0.733252392,0.110312334,0.469170826,0.839969063,0.698739649,2.441789093,0.992469767,-0.968252841,0.811503794
-5.296302466,0.599707877,-1.742648599,-0.153989674,-1.550599815,-2.26970109,-0.73014021,-2.515183391,-0.815308414,-1.727754259,-1.126966448,-1.04057635
-1.804649636,-1.436422781,-0.710871052,-0.263052929,-1.701140629,0.35162176,-1.058128614,-0.525431335,-1.379873536,0.043821252,-1.385354507,-0.81900271
-1.253930863,-1.133886741,-0.549047547,0.378600404,0.52020287,-0.723279401,-0.618320182,0.335591938,-0.607162373,-1.183725805,-2.351766419,-0.115739523
-3.871385074,0.699478073,-1.174895759,-1.789762804,-1.102910981,-0.802135465,-0.246091343,-0.578173407,-1.113451927,-1.77244807,0.022702658,-2.034026693
-0.733517527,-1.132079713,0.329426477,0.02029318,0.331905446,0.359144955,-0.091758193,-0.025392656,-0.759847371,0.090236614,-1.404180014,-0.047992102
0.057501971,0.701309249,-1.449285632,0.164654481,0.71825214,1.534824566,0.113354846,0.332113748,0.411652099,-0.181975663,0.604461083,0.720076876
4.365531563,1.905334582,1.45782233,0.537468088,0.73070309,1.313258609,1.708108565,1.646284867,0.688334619,0.535356456,0.962156651,1.728658403
-2.536328606,1.303822592,-1.384080701,0.314598979,0.238055797,-1.645879708,0.035460907,-2.301504118,0.067256708,-1.289926517,-0.064356392,-0.925054013
-0.897363816,0.785881284,-0.861427328,0.29823613,-0.433350081,-0.127371977,-0.004492821,0.468929491,0.061491278,-0.209564532,-0.253215555,-1.095583999
2.327094164,1.06704719,1.21258944,0.033457643,0.65698412,0.260847082,0.183026668,1.250108635,-0.63026225,-0.478503397,0.040223391,0.77561488
1.44919104,1.081008833,0.025562605,0.549644067,-0.186719631,-0.433199172,0.862377537,-0.294155762,1.46157419,1.967987117,1.693302059,-0.241462155
4.155570659,-0.114162481,1.234734709,0.724666557,2.46581606,-0.155295811,0.297235813,0.525265026,0.370888098,1.627908088,1.335229793,0.804582501
2.958463987,-0.977044443,0.822157583,0.807101825,1.042853794,-0.658875414,0.019054456,0.327810495,1.159119585,0.856317641,1.691203687,0.601106858
-4.509561392,0.753397318,-0.645918926,0.251500753,-2.246049971,-0.679459247,-0.681285381,-0.704216731,-2.220365005,-0.868330282,-0.136641458,0.375476052
-0.782976262,-1.592542271,0.036309837,-0.690552631,0.008074522,0.605053792,0.540230187,0.152211922,0.445223912,0.375802763,0.235254637,0.623376153
-2.433291802,-0.647057405,-1.018982054,-0.544560441,-0.492798447,-0.602726097,-0.873475436,-1.201038192,-0.23383386,-1.061767499,-1.108853007,-0.385830203
0.323903624,0.052278692,-0.319074141,1.048785783,0.609037483,-1.09206808,0.250830147,-0.093113012,-0.308226681,0.399265322,-1.320568255,-0.068793725
3.927729519,-2.254568538,2.731595205,0.858919497,1.369773931,0.436560842,0.585200811,0.94847512,0.754177129,0.531454845,-1.030643819,0.234463523
3.203573667,-0.960518831,0.899852572,0.868973783,1.035072711,-0.304168011,0.740898647,0.232494095,0.885779072,0.261642829,0.488934585,-0.787226912
-1.538490019,-2.812182674,0.434368049,0.175047304,-0.335281155,0.146837679,-0.767616106,-1.670988213,1.094257292,0.260733918,0.002396776,0.379874891
0.462020135,0.7370642,-0.24374283,0.134068968,1.093741187,0.977107638,0.941361479,1.05408506,1.080287625,0.029084978,1.335259028,0.15462785
3.037789747,-0.802665835,1.833167482,-0.071877878,-0.177173294,1.557911887,0.713497474,1.554367336,1.166988245,0.558541441,1.612916119,0.646085948
0.730747055,-3.515875748,0.381937423,0.097419773,-1.408505376,-0.311826876,-1.163336567,0.913980142,0.876822737,0.257764734,-1.287327752,0.135360613
-3.678704176,0.103984174,-1.005107614,-0.393238315,-0.938792867,-1.070359306,0.106538581,0.005151283,-1.826334004,-1.623473207,-1.181224637,1.239092051
-1.830339198,1.790352198,-0.327877892,0.60172117,-0.677907511,-0.5847169,0.296929703,-1.519664237,-0.796405954,0.448473029,-0.167943872,-2.02310666
6.798557285,1.295393106,2.187704213,1.854626983,1.197560753,0.602850759,1.072070053,1.985081592,1.051554909,1.883667584,1.584953901,2.081791051
2.07381393,-2.386988196,1.029711732,-1.182723762,-2.458479487,-0.934829069,-0.341773957,0.117410764,0.597724958,2.511552713,0.374975058,-0.646147429
-4.861813678,-1.769091837,-1.224178328,0.423944827,0.551768098,1.208057597,-1.290953474,-0.322582013,-1.000575543,0.381515268,0.507174952,0.124016236
0.115329444,0.071329228,-0.721468174,-0.044548048,0.572648541,-0.620045189,-0.728723778,0.506844012,0.096405225,0.613300532,0.460212567,-0.726203993
-3.574168017,-2.599732116,-0.732414762,-1.596621785,-1.138323067,-0.784022685,-1.694903558,-0.803699862,0.03684936,0.059275996,-1.216561585,-0.811150256
-2.075887336,-0.877048836,-0.226069328,0.637622642,-1.584439948,-0.055165002,0.022128109,1.610268503,-0.132137992,-0.121022559,0.29951769,-1.110990153
1.844212144,-0.004183147,0.435615641,0.377457487,0.461331786,-0.258973004,0.651573312,0.210704752,0.974907903,0.226655079,-0.060219769,0.539237235
1.297954236,-0.872768508,0.410307212,1.076208537,0.127163142,0.64505471,0.354031018,0.687472898,1.10568464,-0.753431773,0.815494222,0.139052056
-3.642549405,-2.465287837,-0.273745879,-1.285272957,-1.224142793,-1.388348373,-0.288362039,-2.478519601,-0.361985148,-1.680439332,-2.132704436,-1.420761129
-0.696264868,1.60353431,-0.120604109,-0.719923111,-0.646448506,-0.778570544,0.717210633,-0.848729392,-1.155224245,-0.761953598,-0.952976335,-0.887079733
2.186695821,1.975905782,0.82363931,0.258731821,0.61714928,0.164747659,0.488361875,0.536078996,-1.156299977,0.221882159,1.104073807,0.610064692
-2.564462091,-1.353802886,-1.081240863,-1.166675531,0.270941965,-0.746117518,-1.634250158,-0.725610823,-0.711397402,-1.796986057,-0.27779935,-1.257636114
0.562661952,1.484348229,-0.288709792,0.590936777,1.188730753,-0.149342285,-0.080981736,-0.045328577,0.205070469,0.499394097,1.233075271,0.956370142
-4.979168744,-1.378655408,-1.497401421,-1.371928881,-1.114762141,-0.419513123,-0.920774362,-0.240480805,-1.59242265,-2.528712232,-0.876640215,-1.850654441
-0.305810512,-1.516797294,-0.14272281,0.12070158,0.672986753,0.810258613,0.007048292,-0.445508483,0.393926183,-0.010953904,-0.215438593,-0.678623804
2.999507696,2.660609082,0.49306956,0.579574279,0.572226288,-0.068669177,1.599638703,1.033605468,0.932491113,1.70003228,0.713905932,2.002113853
-1.550320704,-0.213975658,-0.610862299,0.026762739,-0.890154253,-2.225335726,-0.401596316,-1.460020754,0.533338401,-0.607208033,-0.471727203,-1.06388296
1.285010855,0.056848415,0.998815371,1.678206623,0.507547826,0.627949169,1.328115107,0.743699332,0.58835082,1.219735741,0.622039033,0.75897624
1.021368068,-2.916308565,0.922663017,0.299998546,0.197508458,-0.975584608,-0.728799006,0.093044065,-0.669544213,-1.172242837,-0.305240106,-0.019917389
0.012496022,-0.186149108,0.11718524,0.015096443,-0.571804254,0.45179579,-0.144871274,-0.002301309,-0.083405736,-0.015547764,-0.556555748,1.40474513
-5.119439583,1.020820322,-2.375455549,-1.166999368,-2.547760173,-0.98198661,-0.842894122,-1.181288231,-1.78358033,-0.786049746,-1.358864028,-1.347359511
3.032518719,1.580178302,0.358941301,0.947637939,1.048917269,0.501252288,-0.136464771,1.108256481,0.195004682,1.342979904,0.286588466,1.212348321
-5.370674447,-0.617883333,-2.517814809,-0.657959215,-1.066920261,-2.228994316,-2.832924176,-1.929689471,-2.016404877,-1.130174774,-2.807888263,-1.614130105
-1.106224651,-0.559735784,-1.239211308,0.092543173,-0.406887003,-2.01539206,-0.65845442,-2.040856441,-0.416168163,0.631524957,0.007909618,-2.008924135
4.960740019,0.655695007,1.089097597,1.023838918,2.476215146,1.433800368,0.984436832,1.255464814,1.537299036,1.683120988,1.494073465,1.068478636
4.165928021,-0.065372125,1.455974133,1.056937326,1.53156275,1.577687044,2.51006226,0.707557705,2.015703687,1.091376909,1.49930444,0.326142204
-2.132997124,-3.444576233,1.115053016,0.470816517,0.593781029,0.861455697,-0.631872735,-0.907809955,0.306220932,-2.101803592,-1.397141582,-0.109268155
4.408306769,0.540528417,0.675110271,2.482921865,0.566863149,0.828722445,0.794307571,0.354771818,1.204550385,2.191851944,-0.102797665,1.443019509
-5.965901122,-0.231635165,-2.042535093,-1.865897802,-1.126961281,-1.129976553,-1.766622265,-0.842514026,-1.893003648,-0.503840228,-2.963554991,-2.579629598
-0.48605866,1.242365679,-0.657964884,0.07099417,0.082857812,1.164136551,0.656337205,0.648507301,-0.848403599,0.631760962,0.573094029,-0.749731165
2.036924182,1.010634312,-0.116823182,-0.083653574,-0.591586822,-0.64044509,0.316356332,0.880150451,0.946682327,2.0871246,0.959912309,0.076311683
-2.396282517,-0.563438844,-0.945868986,-0.07226317,0.178338296,-0.880047156,-0.442416602,0.178888367,0.103073812,-2.105716371,-0.619646489,0.000289835
-1.669164539,0.910617217,-1.058228615,-1.194997819,-0.018296893,-1.634425296,-0.758747785,-1.221289689,-1.717294122,-0.590014949,-0.584688071,-1.642015873
-0.238674753,1.058743885,0.60788165,-0.728882176,-0.387111934,0.023155927,0.745985827,0.034104735,-1.02365967,0.183351891,1.514759619,-0.248764927
0.091336772,-0.256306866,0.563334367,0.074631532,-0.092940987,0.260593055,0.524517936,-0.201850598,-0.128269824,0.472914251,0.711925827,-0.104813412
-1.26026935,0.206683496,-1.200842669,-1.6861448,-2.038195585,-1.180641889,-1.32801319,-0.951968083,-0.604507373,-0.441813168,1.117703925,-2.394297953
7.539023441,1.007382714,1.888784016,2.808052498,1.110673466,1.666308384,1.282902284,1.754123051,2.257992726,1.25640498,2.34042985,0.459606651
3.027702626,-1.238613729,1.117387795,1.055620168,0.644656806,0.720415576,0.430521609,0.549548903,1.656196615,0.386997233,1.151170933,0.094071391
0.884768653,-0.154954007,0.317368966,2.154259071,-0.297448171,-0.06015892,-0.14286196,1.323139829,1.276687211,1.015893918,-0.524870807,0.144581253
4.363392647,-1.254778393,1.501803656,1.051936501,1.632553536,1.170265368,2.050216029,-0.187168647,2.277804886,-0.193362999,2.154838324,1.038672819
1.685171399,1.95944181,-0.253950835,-0.178570306,0.091751128,-0.781198692,1.227025318,0.295508342,1.641353146,0.545159269,-1.425546364,0.893062444
-1.026439087,-1.450743316,0.917359428,0.201021249,0.062913563,0.836026117,-0.150112737,-0.192696501,-0.025871871,-0.493450974,-0.571553607,0.141110024
-5.970546325,-1.527235801,-1.18721245,-1.155066528,-1.511828141,0.220194141,-0.897630793,-2.166648581,-1.137051418,-1.442242662,-1.298779074,-1.519690579
-0.761805034,-2.740174441,0.426829008,-0.829270812,-0.846815265,0.435428168,-0.859882362,-0.336968594,1.155178766,0.76914296,-1.049817728,1.834915102
0.947528329,1.746444268,-0.39904394,0.250825615,-0.010898001,-0.120039456,0.38039844,1.587656201,-0.087021499,-0.011690308,0.063310792,-0.35971762
-4.695689371,-1.967201436,-1.501428121,-0.321733512,-0.378807204,-0.547118634,-1.727424464,-0.466537003,-1.058354801,-2.204500268,-1.212245552,-0.75606565
-2.695221094,-1.173513155,-1.008036634,-0.023245867,-1.422261396,-1.616232139,-2.827167865,-0.154144948,-2.180066128,-1.757603113,-0.981314978,-1.697238096
1.666816904,1.324072598,0.249513467,0.38095782,1.717573202,-1.050033653,1.14137083,-0.61678008,-0.219757979,-0.659223835,0.885486601,-0.629636247
3.243310021,-0.370951974,0.608145459,0.118574442,0.522271023,0.690752747,0.23627539,0.082387397,1.804097549,0.992552938,1.226180212,0.299219092
-1.242012059,1.585608488,-0.389642893,0.240051249,0.276312028,0.718731687,0.609694838,-1.104278047,-1.459248169,-1.253321075,-1.104890768,0.206532926
0.275277461,0.479867791,-0.327471715,1.037258833,1.033199813,-0.016564196,-0.773887206,-0.070557722,-0.609364931,-0.53503333,0.404297788,-0.913165023
-0.440898098,-1.870757657,-0.37741604,-0.072566094,0.392522791,0.225506099,-1.023059561,-0.013669761,-0.182427429,-0.154284598,-0.650339598,0.770641173
0.702487709,0.866824645,-0.296200633,-0.746299392,-0.01170416,0.355164456,0.292822438,0.904881293,0.066691203,1.253048849,0.179631202,0.226080714
-1.052963036,2.627248583,-0.905390079,-0.335130993,0.068111539,-0.57443006,1.043348544,0.691914745,-0.314177087,0.725145633,-0.978693372,0.407889271
1.330407791,2.256505362,-0.175840286,0.229417556,-0.368590495,0.251201217,0.615174642,0.705817553,-0.707659142,-0.050772706,-0.622260186,0.868288755
1.049161055,-0.062803207,0.263334322,-0.314606781,1.417437997,-0.219818531,-0.18501458,0.305463665,-0.232388239,-0.514050489,0.080428558,0.129598783
1.738921394,-0.427222715,0.32856989,-0.697068506,-0.080300038,0.252773912,0.993568537,-0.070900046,0.404340371,-0.438846892,0.161780598,1.104687203
-3.163068309,-2.481910626,-0.758789636,-1.219469238,-0.85411942,-0.579572246,-1.01687922,-1.235919385,0.1413014,-0.671746146,0.261083905,-1.933984203
2.362892637,2.471162791,0.309121957,1.121069546,0.005594437,0.472601602,0.410597183,0.420837566,0.001530825,1.386043483,0.077943684,0.47709249
0.483358924,-2.32704498,1.027019066,0.478930423,0.611447388,-0.360161059,-0.105901571,-0.519155444,0.890330932,0.640070203,-0.943222607,-0.870804254
2.261688154,-0.569987203,0.546675214,2.421044943,0.821351123,1.441894062,-0.022173466,0.058827767,1.149337244,0.881322239,0.222078019,0.545163129
1.760456226,1.192127891,0.169693851,1.003052246,0.740023289,0.551676614,0.679301306,-0.365325629,0.04889425,-0.304779606,-0.753462803,0.527719222
1.710938653,1.597181962,0.189548139,0.727089492,1.374816406,0.924686987,1.499685921,0.162153994,0.969360032,0.582899823,-0.032590566,1.550118064
3.630727873,4.399177577,-0.740432233,-0.287368102,0.788179318,0.015460165,0.936302688,0.888715358,-0.027133806,0.658558429,0.984874063,1.364018331
1.379256617,-2.701399911,1.557238759,1.374275975,0.093680452,0.981748147,0.488255991,-0.049898776,-0.172336742,0.11934638,0.106668511,-0.069749722
-2.426810247,-0.675504773,-0.345568185,-0.243573926,0.8766392,0.499746104,0.293865943,-0.678728645,-0.345387173,-0.762290266,-1.147989944,-0.478551481
3.630242741,0.925452186,1.56277232,1.400071554,0.735805926,-0.63762556,-0.350683278,2.094399263,-0.105360591,0.43448849,1.219269328,2.11669532
3.146227414,-0.865096414,2.048172097,-0.109238346,0.639175574,-0.382627841,0.05273243,0.057647914,0.885950959,0.556099773,-0.075970637,-0.937950799
-1.94007636,0.849330592,-0.342234145,-0.250262907,-0.937432482,0.535328638,-0.369696685,-0.719282479,-0.751681133,1.555319929,-0.824163075,0.43343945
-0.564445608,3.831141089,-0.75186293,-0.811437712,0.446569354,-0.076924736,0.976949953,0.028620011,-0.081675624,0.826957861,-0.560530217,0.172644879
-2.285660122,-0.245336843,-0.412543338,0.356168588,1.165168628,1.170847434,-0.041273293,0.040941295,-0.589281875,-0.131986973,0.409570656,0.515906347
-3.870405582,-2.371622493,-0.181699055,0.227281953,-0.888441692,-0.196093226,-0.020607213,-0.938112768,0.014422373,-0.617652321,-0.642417816,-0.749398729
3.561077588,2.896198353,0.834706213,0.898690836,1.122225889,2.013540031,1.478783782,0.602868618,1.045088623,2.238104898,0.458064083,1.503104604
2.256584846,2.471213126,-0.060378338,1.327255831,1.009178075,-0.01305685,0.92397228,1.695020745,1.491704602,1.822373167,-0.179434081,1.922322531
-3.075385153,-0.90039838,-1.518180378,-0.523841814,-1.480733733,-1.127222269,-0.86931355,-0.606356904,-0.423679286,-1.466785259,-0.973497981,-0.853637152
2.878478895,1.722306183,0.497159008,1.853469702,0.936231802,0.911521148,0.203012823,0.724368548,0.229583091,0.192583993,0.701760181,2.805499061
5.093979367,2.382191042,0.762636802,2.501154464,1.408103095,0.849938248,1.984038859,-0.451678403,0.299838256,0.56204057,0.430839683,1.671963548
0.149332608,0.008192518,-0.147293267,-1.846301953,0.525791253,-2.163738464,-0.682976868,-0.411455719,-0.683903981,-0.213597834,0.060961088,-1.596276156
-1.58250092,2.065018754,-1.786345227,0.225333036,0.377570343,-0.841568061,-0.66997141,-0.29674255,-0.942493314,-0.70970157,-1.484633441,-0.447404458
0.932097683,0.847372386,0.246993929,-0.660219411,0.092400016,-0.905464283,1.310934661,-0.01162552,0.108730949,0.683092643,0.858635625,-0.34922595
-1.421018051,-2.413250437,-0.043101269,-2.239423078,-0.529376054,-0.916963614,-0.774530525,-1.097779952,-1.125941964,-1.706344843,0.607309636,-1.695774638
-0.773048201,-0.800051043,-0.346832659,0.361391975,-0.097020759,-0.70091274,-0.829831989,0.70065387,-0.557476536,-1.322061668,-0.005873933,-0.706180896
-2.657458853,-0.025492005,-0.407682065,-0.517906034,-0.875761131,-0.074882354,-0.213918052,-0.290613299,-0.896723759,-1.044562581,-1.482131426,-0.935111602
2.371167448,3.134718039,0.041156529,0.686702269,0.976464696,-0.562900979,-0.072601939,0.034907457,0.656789571,-0.732383387,0.18771274,1.910334854
1.881299964,0.76019081,-0.312275694,-0.347403619,0.976320499,-1.448707432,-0.764862626,-0.306998599,-0.644386382,-0.97959463,0.910973002,-0.049806817
-3.017692886,-1.675370168,-0.463951707,-0.429916602,-0.934611903,-0.117382578,-0.313153786,-1.941331573,1.326607902,-0.970261806,0.460788066,0.246010228
2.076956112,-0.463912698,0.117670668,-0.21392591,1.131433107,-0.391637477,0.04721003,0.819484046,0.745306453,0.149726888,0.718041439,-0.208378889
0.517437702,1.695234256,0.43936477,0.648465404,0.883380808,0.731536644,1.685034306,-0.595557211,0.930220297,-1.309912982,0.639115224,-0.130058886
1.49079414,0.324891133,0.948538484,-0.696046941,-0.551985129,-0.039167086,-0.176971484,-0.404124493,-0.323690532,0.443263174,-2.236037451,1.159856438
2.84801451,1.084420422,0.847750099,0.158689982,1.065274769,-0.784101629,0.504687121,-0.446094943,1.403516635,1.480178059,1.459713595,0.462181186
-1.577937955,3.656589841,-1.167789778,-0.824562174,-0.671049239,-1.372584888,-0.526754274,-0.944065259,-1.653274329,-0.805723091,-1.750242819,-0.578458627
-4.770806986,-0.945530272,-1.121190564,-1.462724731,-0.625782083,0.962423017,-0.54627031,-1.954009907,0.398618026,-1.413081851,0.949457784,0.013878753
2.641152463,0.377648161,0.232801447,1.404167969,0.243509947,0.3648028,-1.558806636,0.901230307,-0.134880236,-0.171916869,0.016231518,0.415174125
-1.485173261,3.13722862,-0.157196877,-0.552534448,0.024934577,-0.474346565,-0.140268794,-0.947972996,-0.704385742,-1.925899715,0.886509262,0.984352064
-1.634282187,0.605519878,-0.476038745,-0.864485666,-0.937995381,-1.537166464,-0.606543058,-0.943915531,-0.517809951,-0.745734449,-0.764435823,0.036584418
-2.242615059,0.307099973,-0.140417399,-1.227909727,0.470559519,-1.049264059,-0.659342952,-1.092597119,-1.197498592,-0.046036242,-1.243061614,-0.941754045
-1.014033764,1.252451745,-0.764729388,-0.264433281,-0.459440472,-0.608043996,-0.759343858,-0.070109509,-1.719486292,-0.43721146,1.445530518,-0.566389016
-1.007275016,-1.798225173,0.545190711,0.674865227,-0.136343966,-1.031223046,0.429199287,-1.07066908,0.107619936,-0.682228985,-0.025339673,0.596710108
3.830199955,-1.588837959,1.50500283,2.025161721,1.188879388,1.123158918,0.009765388,0.592623087,2.162047736,0.977068836,1.497960133,1.363846855
-2.947180146,-0.647376574,-0.879808892,-1.007588359,-0.747946716,-0.753153974,-1.876731234,-0.502597422,-1.533974615,-0.316026578,-0.308155038,-1.234215325
-0.739312147,0.21801289,0.050658446,0.329167071,0.381280226,-0.877618802,0.447999458,-1.148975581,0.221641848,0.756950811,-0.825425163,0.665998292
-1.325832692,-3.722483016,0.057139548,1.554680387,-0.257336649,0.484479494,-0.342092858,0.884536903,0.355937823,-0.117319431,-0.130498054,-0.554202425
1.132673015,1.058406721,0.054136445,-0.000849526,1.079427208,0.083209308,0.35738056,0.441889023,-0.360978418,0.169622417,-1.112623359,1.70726718
-1.815558031,-0.747720106,-0.596645345,-0.992463575,-0.451195461,-0.234618091,-0.452598455,-0.75661642,-0.660271933,0.618753419,0.091499451,-0.919439293
3.968713893,-1.298301978,1.683759446,1.54300067,-0.075918989,0.028762064,0.69815355,2.602101298,2.480013775,0.970259857,1.399805141,0.794050065
0.895688565,-0.710160582,-0.314803827,0.429164552,-0.997391706,1.044122958,1.301489298,1.301637059,2.534540598,-0.819565244,1.305224979,1.3051798
1.967768667,-0.168085691,0.040477383,0.633329122,-0.410976636,-1.660333909,0.211371226,-0.128463467,-0.681221198,-0.525661341,0.256763821,0.541711506
-3.885964074,1.53553044,-2.472020087,-1.165816942,-0.266853162,-2.184977702,-2.390372231,-1.283371356,-1.591110663,-0.473925464,-0.846123572,-0.647014712
-1.362530496,-0.239426228,-0.089608646,-0.282645076,-1.767928604,-0.202407123,-0.674673187,-0.850834757,-1.684505341,-0.750995507,-1.047497028,-0.732602989
1.012311887,-0.232804136,0.253622443,0.445719335,0.055200279,-0.403819463,0.027766949,0.268981219,-0.082900407,-0.82815415,0.2896384,-0.620937058
0.798040824,-2.673447201,0.341753396,-0.052203933,0.452540707,1.859307133,-1.26847491,0.484047961,0.505035271,0.694146412,1.234060365,0.093071316
-1.127150844,-1.251973865,0.97390567,0.753232593,1.707445838,1.058060256,-0.360616695,0.150731628,-0.451712808,-0.165506195,-0.518690451,-0.082442085
0.230093713,-0.133187771,-0.405384694,-1.728196094,-0.233234349,0.138007359,-0.743201716,0.314212365,-0.784464968,1.260569977,0.515948127,-0.933029912
-6.594751879,-2.774091129,-2.153087659,-2.705665539,-1.208631311,-0.726703555,-1.984885515,-1.80263339,-0.789670763,-3.12858444,-0.256132427,-1.987086097
-4.564707658,-0.960985769,-0.917902355,-1.944118663,-0.771525783,-0.707968287,-1.158901199,-0.785990737,-1.20227473,-0.693840769,-1.345007608,-1.038986116
-4.066713077,-5.292007982,0.318833129,-0.756955618,-0.989310184,1.541276063,-1.427056086,-0.113360023,0.592875507,0.867878918,-2.158464816,-0.872910681
-2.984410242,-1.637298269,-1.256859178,-1.856056967,-1.041607731,-0.256903761,-0.830977945,-1.327743487,-0.119107559,-1.365169866,0.906575327,0.527002723
2.501478071,-0.43791007,1.359673076,0.854881272,1.175190825,1.647957652,1.109365865,1.208446427,1.506480407,0.325083155,1.878663222,1.891511263
0.819892079,-0.314960515,-0.693765005,0.708690817,-0.65197795,-0.942655663,-0.30086824,0.254058668,0.414482641,1.763389662,0.882757264,2.099504511
-3.273960807,-0.196129834,-1.621823672,-0.912978699,-0.35282599,0.590880947,0.276487904,-0.115516015,-0.458572469,-0.057524671,-0.271939516,-1.284269237
-0.975551374,-0.722226102,-0.748633616,-0.38722265,0.852398737,0.365133167,-0.187531701,-1.426254986,1.006959645,-0.453079876,2.534019843,-0.612409075
0.442852302,2.258132193,-0.474415235,-0.971406693,0.188623507,0.163938976,0.982486997,0.655312149,0.122627416,-0.753589649,0.101606122,-0.155297347
-4.61524949,0.063363003,-1.060469591,0.598442044,-1.868850001,0.153689926,-0.17307838,-1.641360367,-0.99594194,-1.035433029,-0.178734121,0.51570715
-4.699401839,1.103426999,-2.238945424,-2.308207319,-1.448461823,-2.52907302,-0.155269219,-0.652227447,-0.334637175,-0.738759476,-1.461085241,-1.503907986
4.421303557,-0.038910686,1.195637624,0.897486419,1.144648412,0.982791787,1.643360938,1.278401016,0.699052933,0.88150097,0.598487837,1.08699616
-2.877176342,-3.097837841,-1.327418693,-1.334131193,-0.776328154,-2.596202877,-1.841024092,-1.018962692,-0.526693072,-1.923933699,-0.237961597,-2.581989718
2.818824353,1.057974031,0.809210574,0.375413192,1.639614799,0.70322241,1.172119892,0.375076675,1.867258734,0.35825005,1.352457655,1.301930726
-3.041492177,-1.195583747,-0.778313013,-1.402646915,-1.427392026,-0.624908686,-1.037282403,-0.15814382,-0.972996994,-1.595389556,-0.914447857,0.385928198
1.968373118,1.834966188,-0.236052178,0.915203301,1.400469485,0.812312019,0.113489136,1.49565452,0.383076712,-0.323191977,0.279327726,1.64565426
1.539193625,-2.029421688,1.471356024,0.583031598,0.667396271,2.209552969,0.597909798,2.789302077,1.932171798,0.707964725,-0.777041078,1.195950208
5.44429378,2.959130718,0.293252812,2.44420936,0.580362399,-0.437827752,0.492763365,1.752481639,1.240601922,1.395764803,1.64462906,1.711258646
2.064936032,-0.802854626,0.748987771,-0.878719853,1.040992135,-0.54204964,-1.161255177,0.225620846,-1.541960056,-0.14368552,0.161034817,-0.684287093
-0.016206511,1.092806321,-0.549029804,0.492667715,0.253107219,-0.917586984,-1.160079387,-1.589340015,-1.904569335,-0.133012439,-0.204535521,-0.755942118
-0.761892705,0.34049844,-0.707752473,0.828571496,0.091562006,-0.115576077,0.600423437,-0.547307215,-0.452862802,0.2903452,0.000748546,-0.265667607
1.864062714,1.680320822,0.004733455,-1.280463387,-0.258066093,-1.110506138,-0.491933797,-0.267951578,-1.152371653,0.570502823,1.068710234,-0.051778759
3.344223199,5.125295272,0.186365387,1.824827272,0.328752014,1.731672588,2.781216709,0.715108748,0.501334472,0.734885352,0.292740339,2.181655649
1.715383562,2.524438193,-0.460527656,0.778896935,0.17602348,0.208942767,0.828703422,-0.011070357,0.544819102,-0.739583745,-0.10549077,1.208122452
0.410882458,1.000379435,-0.801050512,-1.58456516,0.161358786,-1.761739896,-0.412281042,0.13767828,1.112381355,-0.485416344,0.535572943,-0.263598876
1.163911481,-0.988958652,0.115793385,0.362049122,1.372830612,0.365608074,-0.621576322,0.376753373,2.223940058,1.051889922,0.161198979,1.701322174
0.185340066,2.109013481,-1.690189712,0.821924639,0.878647281,0.608496426,-0.770693534,1.54536341,0.595414076,1.215944742,-0.589816174,0.352962091
-2.219543707,2.720571092,-2.20218606,-0.941965881,0.10380034,-0.709694498,-0.048243091,-1.026875206,0.813629274,-0.410681716,0.025536307,-0.679412086
0.589413769,-0.006707552,0.09448614,1.248810243,1.376684702,1.223744528,0.261532255,-0.702080677,1.330833148,-0.292486154,0.467880288,-1.2080057
-2.764201816,-0.742892039,-0.604601541,0.617120661,-0.224169331,0.009382275,-0.364300257,-0.120017784,-0.373248839,-0.892351948,-1.131758086,-0.866522141
-1.730579977,0.966351984,-1.93304131,0.373089203,0.759803432,-0.592076187,0.012838304,1.315106829,-0.708415748,0.482653924,-0.855527067,-0.545312023
5.054458972,4.759065269,0.593743483,2.565200714,2.046936489,0.209084654,1.512382,1.058430041,1.093436461,0.264802959,0.96439748,2.049357497
0.507796948,-0.768509079,0.133576619,1.045457106,0.755855347,0.223949072,-0.017659491,1.015463414,1.463958184,1.069742842,-0.294021712,-0.634068211
1.127993009,2.360487867,-0.248028304,0.284342429,1.40232693,0.823232044,1.955617597,-0.817211802,2.24720183,2.078079428,1.667299172,0.50720005
-1.291781173,-1.595623518,-0.399109066,-0.353975845,1.201258345,-0.075823693,-1.015092805,-0.378288588,-0.520135131,-0.030115352,-0.357324555,-0.858080042
-0.642494903,-0.226740514,-0.580034047,-0.238185958,-0.075287613,0.266572243,-1.0866204,0.02388811,0.041900716,1.685653681,0.124528156,-0.592604373
-4.768269729,-2.010317605,-1.648641103,-2.489428542,-0.52742102,-0.084925154,-2.2838466,-2.093984793,-1.897102077,-1.328763199,-1.148839687,-2.223627127
0.463255319,1.217698913,0.068005258,-0.285062892,-0.503399193,0.342641251,0.657731224,-0.32608508,0.692487417,-0.627253955,0.415832142,-0.528870363
4.266356317,-0.497229363,1.4983213,-0.463516782,0.548041355,0.222871265,-0.209920309,1.593193147,1.752845262,1.488835186,0.742668076,1.09752384
2.974247226,-0.102567263,0.981913054,1.48792324,-0.547466891,-0.572496296,0.807477571,-0.864904298,0.944379246,0.864938279,-0.291958935,-0.831032558
-0.196755129,2.765745217,-0.728570444,0.48168832,0.451538992,0.012113056,0.912987796,-0.467371802,0.130420421,0.933674577,0.029172355,0.245330307
1.43986477,-0.226072284,-0.223918633,-1.021527947,-0.076025604,-0.693205342,0.020846272,0.371781149,1.488132515,-0.006056056,-0.496903539,-1.111418403
2.47354336,1.740143536,0.508667252,1.966890573,0.913600093,1.826048279,1.390711676,2.309885388,0.739698317,1.796974153,0.808533621,1.885193976
0.765162463,-0.450450179,0.460925105,1.60356271,1.283347323,0.339102777,-0.128032279,0.494098984,1.567696249,-0.479964791,-0.510403091,0.369492361
1.595890554,0.744599621,0.784282226,0.140738944,1.059209246,0.227192187,0.077321568,0.737626623,-0.289359641,-0.085456301,0.847233152,-0.174939922
-1.758477289,-0.357461966,-0.216973687,-0.904866083,0.723177474,0.303174592,0.279446037,0.0760344,-1.037234893,-0.319080918,-0.400307454,-0.96368937
5.648267133,3.399194683,0.780499391,3.276662589,1.928458849,2.430589017,1.142133386,1.501931619,0.140978248,1.590314041,3.389654012,2.636284076
5.071092401,-0.175711197,1.385427332,0.830383821,1.778789292,0.957704642,1.790213648,1.897708709,1.962335968,1.80745854,2.051473403,1.013058725
-1.802361809,-1.080812094,0.438153332,-0.136131375,0.208018843,-0.254377748,0.573533127,-0.229250487,-0.295938578,-0.522441735,-0.545473841,-0.387950773
1.466291887,1.021028163,1.017888801,0.583869611,2.601547163,0.04087569,0.700174291,-0.697731534,-0.71910932,-0.019705793,1.602228892,0.394142943
2.5420624,1.535304313,0.30334651,-0.078554453,0.931769757,1.611030969,1.013001575,1.475126517,1.709019091,0.175492397,0.245137113,1.279097596
3.013066241,0.775087301,1.311320814,0.223083142,0.670150864,1.443317009,0.878804998,0.323270275,0.73536765,-0.54798813,1.307118724,1.12668323
0.983857868,0.344049935,-0.196509231,0.631242187,0.58696497,-0.355020156,0.545243948,0.633718432,0.916369319,0.398341703,0.027450334,-0.147301769
-0.107420904,-1.941543822,0.621748552,-2.009504824,0.342415874,0.095253241,-0.225221104,1.066674538,-0.483924789,0.163785514,-1.010280662,-0.112350121
1.998172916,0.576315726,0.233250187,-0.369036148,-0.02434349,0.394660182,0.558479408,1.563834843,-0.982487684,0.541697511,0.579224574,0.048157316
-2.765205987,0.181341067,-1.357904963,-1.061761968,-0.67775455,-1.609533312,-1.412580957,-1.179471549,-0.60131667,-1.034451694,-0.705260697,-0.329501969
-1.335523432,1.354145051,-0.737259682,0.202817844,-1.411587607,-1.703679237,0.040341688,-0.596188249,-1.516517586,-0.902775186,-1.314221295,-1.163911401
-5.936344434,0.08392247,-1.48840327,-1.399132117,-1.617187172,0.154944521,-0.812445635,-2.116525829,-2.0219779,-1.949472164,-1.726072779,-0.211763034
-0.704360432,-1.545065832,0.97540948,-0.094153155,-0.954729747,0.069840443,0.606179463,-0.012520569,-0.700733253,1.367441459,0.653798187,-0.761440782
3.083317083,2.1092329,2.123408399,0.647135597,0.165562451,1.354861994,1.824019266,1.844756195,0.550549348,1.028820526,1.554385189,1.626257956
-2.948159877,-2.272331227,-0.536586457,-1.265205664,-1.166819548,-0.961426697,-2.059993009,-1.570885716,-1.789850867,-1.229000084,-1.172771435,-0.88591971
0.074029698,-2.575809739,0.230128177,-0.49684804,1.573030192,-0.196307271,-0.308762537,-0.213446723,1.273869963,0.532395003,0.502083776,0.786566994
-2.211785775,-1.306167629,-0.573796109,1.01236634,0.117892372,2.443322733,-0.094668409,0.505832942,1.702140827,-0.764812188,-0.296595247,0.467658825
1.527517425,-0.586980216,1.696501332,0.183673352,0.158550257,1.125564275,0.522036758,0.013748023,-0.113042822,0.513829123,1.214831019,-0.547202671
-3.465075218,2.536391292,-1.294658357,-0.273927233,0.323470299,0.354889675,0.80701785,-0.918847967,-1.058486519,0.881008358,-0.417349613,-0.954223038
-0.282740348,1.171301161,-0.893214341,0.822272975,0.521092799,-0.793313951,-0.72217936,-0.079102877,-1.106841661,-0.16649609,-0.274989157,-1.380541767
1.819678635,3.181921307,-0.506998984,-0.156295566,0.807023057,-1.107407964,0.787046087,-0.030191086,-0.579553231,0.027529887,-1.097284294,-1.025492207
4.029889468,1.210799612,1.993198912,0.429311188,0.800073461,0.123905303,0.596484714,1.465322001,-0.085848447,0.371251665,0.641742462,0.061072445
-2.218437002,-1.382641227,-0.199384678,-0.786598762,-1.304910031,0.177362041,-0.946297265,-1.268221495,0.547500478,-0.642126372,-0.31317566,-1.089220638
0.051999174,-1.385863675,1.290830621,-0.57478082,-0.863299125,-0.507027526,-0.896074814,-0.722327665,-0.548417063,-0.678484849,0.162668457,0.289435585
-1.838750008,-0.306287918,0.252425744,-2.622608174,-0.422834411,-0.666623708,-0.67860007,-1.627149503,-1.183271148,-1.145763233,-0.449291124,-1.158716272
2.615741299,-3.052463977,1.369116644,-0.440422213,-0.590228095,-0.052869683,-0.79111058,0.190717995,1.375499238,0.720985068,-0.201718629,-0.079852526
3.60205687,-0.245692337,1.491733841,1.745755999,1.219627535,2.781405864,1.169621816,1.709825404,0.769412305,1.085882177,1.823458153,1.679432918
-0.865060751,0.783317026,-1.162970916,-1.409733034,-0.555001438,0.903688967,0.017730911,1.274624645,-0.377789504,0.980271726,0.985386988,0.308909456
0.84357783,0.497085761,-0.735170619,1.354922883,0.115826327,1.203485188,-0.809506774,0.858732177,-0.33063813,0.656165314,1.075523982,0.027342557
2.272252938,3.787378262,-0.223498129,-0.53286182,1.261384437,-0.432287529,1.28210059,0.68102447,0.506290539,0.48632767,0.365727385,1.112643902
-0.110107263,-3.272531967,1.245227725,-0.728278993,0.390118258,-0.635803377,-0.839656483,-1.283469353,-0.687773059,0.254321809,-0.820965054,-1.161470679
-2.630131043,-1.080257772,-0.846565634,-1.232323698,-1.254771627,-0.182857312,-0.84635275,-0.815588451,0.03808089,-0.796079987,-1.023435347,-1.321554859
2.953138381,1.529634862,0.574817554,-0.335515753,0.22530732,-1.067592361,-0.60963529,1.817319249,-0.425018584,-0.058961571,-0.477654962,0.238814116
-1.612376975,2.721995966,-0.438770262,-1.997622489,0.062685984,-0.845022152,-0.475528624,-0.127635223,-1.753057349,0.226407169,-0.887872155,0.123810414
0.473663697,-1.413896064,0.157911017,0.073843019,0.190565476,-0.948210178,-0.47526231,0.172642083,-0.68904336,0.649790431,0.684102856,-0.27329993
-2.692824268,0.737527445,-1.637889505,-0.956538294,0.496342641,0.044816385,-0.922765008,-0.740029848,-1.159757997,-0.34196111,-0.674476956,-1.023348613
-0.733083929,-1.180844952,0.759574832,-0.3302551,0.629083315,0.574609665,0.235788143,-0.685865204,0.353209795,-1.097346647,0.213701862,0.590897896
-1.65042911,0.631401275,-0.737793676,-1.128684796,-0.711199799,-1.048048256,-0.412617071,-0.465229685,-0.591469211,-0.979637855,-0.55129023,0.80014209
-3.561663853,1.186741626,-1.152839363,-1.646585996,-0.249278544,-0.721429904,-0.69790429,-1.675706646,-1.277044861,-1.613082635,-0.821109946,-1.251273179
-1.936207668,0.319812524,-0.865248137,-0.53774297,-0.331471687,-0.443546179,-1.043710957,-0.195000797,0.821817273,0.057997421,-0.336921013,0.198102918
-4.692057489,0.054811961,-1.896464542,-0.63625822,-0.028823801,-0.346531119,-0.810098271,-2.583031354,-1.030665227,-0.421897636,-1.10657226,-1.497773423
